layer,source,organisation,content,coverage,access,licence,granularity,update_frequency,status,verified_on
consumer products,Rapid Market Screening,Pure Earth,"5,153 products tested by XRF","25 low- and middle-income countries, 2021-2023",Excel file on Zenodo,CC-BY 4.0,product,one-off campaign,integrated,2026-09-20
consumer products,Metal Content of Consumer Products,NYC DOHMH,"7,795 lead measurements, with country of manufacture","Products collected in New York, origins worldwide, 2011-2025",Socrata API,Free reuse (Local Law 11 of 2012),product,continuous,integrated,2026-09-29
consumer products,Lead Content of Consumer Products,King County (Seattle),"2,211 measurements",Products collected in the county,Socrata API,Public domain,product,irregular,integrated,2026-09-20
recalls,Food enforcement,FDA (openFDA),253 food recalls citing lead,"United States, 1976-2026",REST API,Public domain,commercial product,continuous,integrated,2026-09-20
recalls,Recalls,CPSC,"381 product recalls, with country of manufacture",United States,REST API,Public domain,commercial product,continuous,integrated,2026-09-20
recalls,RASFF Window,European Commission,"270 lead alerts out of 32,597 notifications, with country of origin","European Union, 2020-2026","Undocumented public API, no hazard filter",CC-BY 4.0 (Decision 2011/833/EU),notification,continuous,integrated (a floor: subject-line filter only),2026-09-20
paint,Lead paint studies,IPEN,"5,000+ paints tested","~60 countries, since 2007",Country PDFs only,to verify,paint brand,irregular,integrated through the OWID compilation,2026-09-20
regulation,Lead paint law tracker,WHO + UNEP (via OWID),Binding law yes/no,"164 countries, 2023",CSV via OWID,CC-BY,country,annual,"integrated, kept as a cross-check",2026-09-20
regulation,LEADCONTROL,WHO (GHO),"Binding controls on lead paint, with year of entry into force","195 countries, 1977-2024",Keyless OData API,WHO open data,country,annual,integrated 2026-09-30 — reference source for laws,2026-09-30
blood lead,LEAD_1 to LEAD_10,WHO (GHO),Blood lead levels and attributable burden,"8 rows, year 2004 only",Keyless OData API,WHO open data,aggregate,abandoned in practice,MAJOR HOLE: indicators are near-empty,2026-09-30
blood lead,NHANES,CDC (United States),"Measured blood lead, representative sample",United States,Public SAS files,Public domain,individual,biennial,to assess — ages 1-5 only via a research data centre,2026-09-30
blood lead,Childhood Blood Lead Surveillance,CDC (United States),Childhood blood lead reported by states,"United States, 1997-2015 in the open archive",State tables,Public domain,county / state,annual,to assess — CDC warns states are not comparable with each other,2026-09-30
contaminated sites,TSIP / contaminatedsites.org,Pure Earth,"~5,000 polluted sites, ~1,500 with lead as key pollutant",50+ countries,Website and API,to verify,site,continuous,to assess,2026-09-20
consumer products (EU),Safety Gate (RAPEX),European Commission,"Non-food product alerts: toys, jewellery, cosmetics","EU, 46,000+ alerts since 2005",API refused outside its own interface (HTTP 460),to verify,product,continuous,BLOCKED — best remaining lead,2026-09-20
recalls,Recalls and Safety Alerts,Health Canada,Product recalls,Canada,"Open file limited to 111 metadata rows, no product names",OGL,—,—,UNUSABLE as published,2026-09-20
detection method,OpenXRF,"Gassner, Reisewitz, Forsyth, Shaker",Low-cost open-source XRF detector,—,Code on GitHub,open source,—,—,"contribution opportunity, not a data source",2026-09-19
